,Sim_time,Rec_time,Autopilot,Event
0,0:00:57.332898,1.6111233234405518,False,Crossed line 'Broken'
1,0:00:58.082898,2.124206781387329,False,Crossed line 'Broken'
2,0:01:00.582898,4.717010974884033,False,Crossed line 'Broken'
3,0:01:00.932898,5.260746717453003,False,Crossed line 'Broken'
4,0:01:01.282898,5.77483868598938,False,Crossed line 'Broken'
5,0:01:02.032898,6.315905809402466,False,Crossed line 'Broken'
6,0:01:02.382898,6.836221218109131,False,Crossed line 'Broken'
7,0:01:02.832898,6.836221218109131,False,Crossed line 'Broken'
8,0:01:03.182898,7.3593456745147705,False,Crossed line 'Broken'
