,Sim_time,Rec_time,Server_fps,Client_fps,Autopilot,Speed,Heading,Accelerometer,Gyroscope,Location,GNSS,Height,Throttle,Brake,Gear,Steering,Vehicle,Weather/Time
0,0:02:56.300770,0.023978471755981445,36.49635314941406,36.10108184814453,False,0.002571178595489493,233째 SW,"( -0.0, -0.0,  9.9)","(  0.0, -0.0,  0.0)","(-97.8,  24.2)","(-0.000223, -0.000886)",0 m,0%,0%,R,0.0015039155259728432,Dodge Charger 2020,Clear Noon
1,0:02:56.822582,0.5369856357574463,30.1204833984375,33.11258316040039,False,0.0020663566886245347,233째 SW,"(  0.0, -0.0,  9.9)","( -0.0,  0.0, -0.0)","(-97.8,  24.2)","(-0.000223, -0.000886)",0 m,0%,0%,R,0.0015039155259728432,Dodge Charger 2020,Clear Noon
2,0:02:57.334889,1.052236557006836,36.764705657958984,36.900367736816406,False,0.0022194785106199426,233째 SW,"( -0.0, -0.0,  9.8)","( -0.0, -0.0, -0.0)","(-97.8,  24.2)","(-0.000223, -0.000886)",0 m,0%,0%,R,0.0015039155259728432,Dodge Charger 2020,Clear Noon
3,0:02:57.847502,1.5683002471923828,30.76923179626465,30.21148109436035,False,0.00040524204650392733,233째 SW,"( -0.0, -0.0,  9.8)","( -0.0,  0.0, -0.0)","(-97.8,  24.2)","(-0.000223, -0.000886)",0 m,0%,0%,R,0.0015039155259728432,Dodge Charger 2020,Clear Noon
