,Sim_time,Rec_time,Server_fps,Client_fps,Autopilot,Speed,Heading,Accelerometer,Gyroscope,Location,GNSS,Height,Throttle,Brake,Gear,Steering,Vehicle,Weather/Time
0,0:26:17.932920,0.04091382026672363,21.881837844848633,22.075054168701172,True,0.00030247966911862414,61° NE,"( -0.0,  0.0,  9.8)","(  0.0,  0.0, -0.2)","( 135.8,  116.9)","(-0.001046,  0.001228)",0 m,2%,0%,1,-0.0814485177397728,Nissan Patrol 2021,Cloudy Night
1,0:26:18.532920,0.5671288967132568,24.038461685180664,22.675735473632812,True,1.3174415394586878,61° NE,"(  2.9, -0.4,  9.8)","( -0.3, -0.6, -0.8)","( 135.8,  116.9)","(-0.001046,  0.001228)",0 m,100%,0%,1,-0.22618702054023743,Nissan Patrol 2021,Cloudy Night
2,0:26:19.132920,1.087362289428711,21.834060668945312,22.8832950592041,True,12.399962178459829,56° NE,"(  9.5, -2.7,  9.7)","( -1.5, -0.9,-24.5)","( 136.6,  116.2)","(-0.001039,  0.001235)",0 m,100%,0%,1,-0.35282421112060547,Nissan Patrol 2021,Cloudy Night
3,0:26:19.782920,1.6327598094940186,24.15458869934082,24.390243530273438,True,26.87976226553498,32° NE,"(-92.9, 29.0,  6.1)","(-14.1, -8.6,-24.6)","( 138.9,  113.3)","(-0.001011,  0.001253)",0 m,100%,0%,N,-0.36521708965301514,Nissan Patrol 2021,Cloudy Night
4,0:26:20.332920,2.152021884918213,21.881837844848633,22.52252197265625,True,0.15947680733207625,29° NE,"(  0.7, -1.0,  9.2)","( -0.1,  0.0, -1.0)","( 139.0,  113.3)","(-0.001011,  0.001254)",0 m,100%,0%,2,-0.14846764504909515,Nissan Patrol 2021,Cloudy Night
5,0:26:20.882920,2.682539701461792,20.04007911682129,20.40816307067871,True,0.038322120057438035,28° NE,"(  0.6, -0.5,  9.5)","( -0.3, -0.1, -0.3)","( 139.0,  113.3)","(-0.001011,  0.001253)",0 m,0%,0%,1,-0.07510718703269958,Nissan Patrol 2021,Cloudy Night
