,Sim_time,Rec_time,Autopilot,Event,Intensity
0,0:01:00.682898,4.717010974884033,False,Collision with 'Gazelle Omafiets',1939.281207481515
1,0:01:00.682898,4.717010974884033,False,Collision with 'Gazelle Omafiets',108.9918780983405
2,0:01:00.682898,4.717010974884033,False,Collision with 'Gazelle Omafiets',30.814235063372607
3,0:01:00.682898,4.717010974884033,False,Collision with 'Gazelle Omafiets',281.238439274977
4,0:01:00.732898,5.260746717453003,False,Collision with 'Gazelle Omafiets',188.4810042314941
5,0:01:00.732898,5.260746717453003,False,Collision with 'Gazelle Omafiets',280.5757321639994
6,0:01:01.782898,6.315905809402466,False,Collision with 'Road',2063.748779296875
