,Sim_time,Rec_time,Server_fps,Client_fps,Autopilot,Speed,Heading,Accelerometer,Gyroscope,Location,GNSS,Height,Throttle,Brake,Gear,Steering,Vehicle,Weather/Time
0,0:16:55.832912,0.03433585166931152,26.737966537475586,26.455026626586914,True,0.0023764289831171683,202° SW,"(  0.0,  0.0,  9.8)","(  0.0,  0.0, -0.1)","( -5.7,  269.6)","(-0.002430, -0.000054)",0 m,0%,0%,1,-0.06256067007780075,Lincoln Mkz 2020,Clear Noon
1,0:16:56.532912,0.5370497703552246,27.700830459594727,27.932960510253906,True,0.0012766770875672284,202° SW,"( -0.0,  0.0,  9.8)","( -0.0, -0.0, -0.1)","( -5.7,  269.6)","(-0.002430, -0.000054)",0 m,34%,0%,1,-0.06256067007780075,Lincoln Mkz 2020,Clear Noon
2,0:16:57.182912,1.0454139709472656,26.737966537475586,29.32551383972168,True,4.810103794750459,201° SW,"(  4.3, -0.4,  9.8)","( -0.2, -0.5, -3.1)","( -5.8,  269.9)","(-0.002433, -0.000055)",0 m,96%,0%,1,-0.1007973775267601,Lincoln Mkz 2020,Clear Noon
3,0:16:57.882912,1.548076868057251,28.011205673217773,27.855154037475586,True,19.989160306548005,196° SW,"(  0.6, -0.7,  9.9)","(  0.3,  1.8, -7.8)","( -6.5,  272.4)","(-0.002455, -0.000060)",0 m,99%,0%,1,-0.09105778485536575,Lincoln Mkz 2020,Clear Noon
4,0:16:58.582912,2.055684804916382,28.011205673217773,28.011205673217773,True,33.835714572481514,188° SW,"( 11.4, -2.0,  9.5)","( -0.9, -1.1,-11.5)","( -7.4,  277.7)","(-0.002503, -0.000068)",0 m,96%,0%,3,-0.05634714290499687,Lincoln Mkz 2020,Clear Noon
5,0:16:59.282912,2.569873571395874,26.595745086669922,26.595745086669922,True,42.48689880043515,187° SW,"(  0.6,  6.6,  9.8)","(  6.4,  1.0, 32.5)","( -8.2,  285.6)","(-0.002574, -0.000075)",0 m,58%,0%,3,0.17033043503761292,Lincoln Mkz 2020,Clear Noon
6,0:16:59.982912,3.0886075496673584,28.571428298950195,28.65329360961914,True,24.440130429456055,213° SW,"(  4.3,  1.4,  7.3)","(  2.1,  0.5, 19.2)","(-10.7,  291.3)","(-0.002625, -0.000099)",0 m,84%,0%,3,0.1275179386138916,Lincoln Mkz 2020,Clear Noon
7,0:17:00.682912,3.5990896224975586,25.773195266723633,25.906734466552734,True,20.3576312453827,221° SW,"( -2.1,  0.7,  8.0)","( -4.4,  1.9,  7.3)","(-13.6,  294.9)","(-0.002656, -0.000128)",0 m,0%,0%,2,0.03483341634273529,Lincoln Mkz 2020,Clear Noon
