,Sim_time,Rec_time,Autopilot,Event,Intensity
0,0:33:42.541033,66.26992845535278,True,Collision with 'Ford Ambulance',3919.352966468438
1,0:34:42.541033,109.41567921638489,False,Collision with 'Trafficsign',31319.560901849352
2,0:35:01.391034,123.32431721687317,False,Collision with 'Pole',47015.11538360905
3,0:35:23.891034,141.0082082748413,True,Collision with 'Kawasaki Ninja',43346.62076539933
4,0:35:23.891034,141.0082082748413,True,Collision with 'Kawasaki Ninja',8980.09925149962
5,0:36:34.541035,195.49780774116516,False,Collision with 'Guardrail',782.6908080122591
6,0:36:34.741035,195.49780774116516,False,Collision with 'Speed Limit 40',34689.12605128779
7,0:36:34.741035,195.49780774116516,False,Collision with 'Speed Limit 40',6256.436040105105
